{
	"0": {
		"id": 0,
		"info": {
			"devEUI": "%DEV_EUI%",
			"devAddr": "%DEV_ADDR%",
			"nwkSKey": "%DEV_NWK_SKEY%",
			"appSKey": "%DEV_APP_SKEY%",
			"appKey": "%DEV_APP_KEY%",
			"name": "%DEV_NAME%",
			"status": {
				"mtype": "%DEV_MYTYPE%",
				"payload": "%DEV_PAYLOAD%",
				"active": true,
				"base64": %DEV_PAYLOAD_BASE64%,
				"aligncurrentTime": %DEV_ALIGN_CURRENT_TIME%,
				"infoUplink": {
					"fport": %DEV_INFO_UPLINK_FPORT%,
					"fcnt": 0
				},
				"fcntDown": 0
			},
			"configuration": {
				"region": %DEV_REGION%,
				"sendInterval": %DEV_SENDINTERVAL%,
				"ackTimeout": %DEV_ACKTIMEOUT%,
				"range": 10000,
				"disableFCntDown": true,
				"supportedOtaa": true,
				"supportedADR": true,
				"supportedFragment": true,
				"supportedClassB": false,
				"supportedClassC": false,
				"dataRate": %DEV_CONF_DATARATE%,
				"rx1DROffset": 0,
				"nbRetransmission": 2,
				"rssi": %DEV_CONF_RSSI%
			},
			"location": {
				"latitude": 0,
				"longitude": 0,
				"altitude": 0
			},
			"rxs": [
				{
					"delay": 1000,
					"durationOpen": 5000,
					"channel": {
						"active": true,
						"enableUplink": true,
						"freqUplink": %DEV_RXS0_FREQUPLINK%,
						"freqDownlink": %DEV_RXS0_FREQDOWNLINK%,
						"minDR": %DEV_RXS0_MINDR%,
						"maxDR": %DEV_RXS0_MAXDR%
					},
					"dataRate": %DEV_RXS0_DATARATE%
				},
				{
					"delay": 1000,
					"durationOpen": 3000,
					"channel": {
						"active": true,
						"enableUplink": false,
						"freqUplink": %DEV_RXS1_FREQUPLINK%,
						"freqDownlink": %DEV_RXS1_FREQDOWNLINK%,
						"minDR": %DEV_RXS1_MINDR%,
						"maxDR": %DEV_RXS1_MAXDR%
					},
					"dataRate": %DEV_RXS1_DATARATE%
				}
			]
		}
	}
}