{
	"2": {
		"id": 2,
		"info": {
			"devEUI": "5ddba95656110851",
			"devAddr": "00000000",
			"nwkSKey": "00000000000000000000000000000000",
			"appSKey": "00000000000000000000000000000000",
			"appKey": "cb53529522773f6a8bb895d48c7e8567",
			"name": "temp-dev",
			"status": {
				"mtype": "ConfirmedDataUp",
				"payload": "Hello ARNG",
				"active": true,
				"infoUplink": {
					"fport": 1,
					"fcnt": 1
				},
				"fcntDown": 0,
				"base64": false,
				"aligncurrentTime": false
			},
			"configuration": {
				"region": 1,
				"sendInterval": 10,
				"ackTimeout": 2,
				"range": 10000,
				"disableFCntDown": true,
				"supportedOtaa": true,
				"supportedADR": false,
				"supportedFragment": true,
				"supportedClassB": false,
				"supportedClassC": false,
				"dataRate": 0,
				"rx1DROffset": 0,
				"nbRetransmission": 1,
				"rssi": 0
			},
			"location": {
				"latitude": 0,
				"longitude": 0,
				"altitude": 0
			},
			"rxs": [
				{
					"delay": 1000,
					"durationOpen": 3000,
					"channel": {
						"active": true,
						"enableUplink": true,
						"freqUplink": 868100000,
						"freqDownlink": 0,
						"minDR": 0,
						"maxDR": 5
					},
					"dataRate": 0
				},
				{
					"delay": 1000,
					"durationOpen": 3000,
					"channel": {
						"active": true,
						"enableUplink": false,
						"freqUplink": 0,
						"freqDownlink": 869525000,
						"minDR": 0,
						"maxDR": 0
					},
					"dataRate": 0
				}
			]
		}
	}
}